node,betweenness
Data_science,0.011062528648276757
Dimensionality_reduction,0.0051157329731433
Data_analysis,0.004422234415251273
Data_visualization,0.004105549054149291
Machine_learning,0.0036937216861088126
Bioinformatics,0.002661981589474721
Statistics,0.002520847387733483
Data_cleaning,0.0017514977444351928
Statistical_inference,0.001606585127647074
Computer_science,0.0014271842013302773
