node,pagerank
Main_Page,0.0005946594564147064
Machine_learning,0.0003879272647569936
Data_mining,0.00034583768503626745
Regression_analysis,0.0003182426579387828
Doi_(identifier),0.0003156419491416997
Cluster_analysis,0.00031247154676811254
Deep_learning,0.0003088536779226924
Supervised_learning,0.00030742639372534846
Statistical_classification,0.0003050598761631105
Logistic_regression,0.0003027553285300324
